{"cameraMode":{"drawMode":0,"name":"Shaded","section":"Shading Mode"},"sceneLighting":false,"audioPlay":false,"sceneViewState":{"showFog":true,"showMaterialUpdate":false,"showSkybox":false,"showFlares":true,"showImageEffects":true,"showParticleSystems":true},"in2DMode":false,"pivot":{"x":0.004259102046489716,"y":1.3115668296813965,"z":0.6176362037658691},"rotation":{"x":-0.2900429666042328,"y":0.016654200851917268,"z":-0.005058381240814924,"w":-0.9568812251091003},"size":1.2711113691329957,"orthographic":false}