{"cameraMode":{"drawMode":0,"name":"Shaded","section":"Shading Mode"},"sceneLighting":false,"audioPlay":false,"sceneViewState":{"showFog":true,"showMaterialUpdate":false,"showSkybox":false,"showFlares":true,"showImageEffects":true,"showParticleSystems":true},"in2DMode":false,"pivot":{"x":-4.120924949645996,"y":-0.2541179656982422,"z":2.6934266090393068},"rotation":{"x":-0.1442265808582306,"y":0.4288356900215149,"z":-0.06955935060977936,"w":-0.8891323208808899},"size":2.85467267036438,"orthographic":false}