{"cameraMode":{"drawMode":0,"name":"Shaded","section":"Shading Mode"},"sceneLighting":true,"audioPlay":false,"sceneViewState":{"showFog":true,"showMaterialUpdate":false,"showSkybox":true,"showFlares":true,"showImageEffects":true,"showParticleSystems":true},"in2DMode":false,"pivot":{"x":47.404483795166019,"y":-39.678104400634769,"z":-410.1251220703125},"rotation":{"x":-0.003825961844995618,"y":-0.9961063861846924,"z":0.05565093457698822,"w":-0.06854693591594696},"size":214.0418701171875,"orthographic":false}