{"cameraMode":{"drawMode":0,"name":"Shaded","section":"Shading Mode"},"sceneLighting":true,"audioPlay":false,"sceneViewState":{"showFog":true,"showMaterialUpdate":false,"showSkybox":true,"showFlares":true,"showImageEffects":true,"showParticleSystems":true},"in2DMode":false,"pivot":{"x":-11.370794296264649,"y":3.9752402305603029,"z":16.803503036499025},"rotation":{"x":-0.09059872478246689,"y":-0.9091005921363831,"z":0.29956433176994326,"w":-0.274964302778244},"size":1.8268064260482789,"orthographic":false}