{"cameraMode":{"drawMode":0,"name":"Shaded","section":"Shading Mode"},"sceneLighting":true,"audioPlay":false,"sceneViewState":{"showFog":true,"showMaterialUpdate":false,"showSkybox":true,"showFlares":true,"showImageEffects":true,"showParticleSystems":true},"in2DMode":false,"pivot":{"x":2.6574931144714357,"y":9.405393600463868,"z":-16.51203155517578},"rotation":{"x":-0.21347306668758393,"y":0.640846312046051,"z":-0.19216370582580567,"w":-0.7119975090026856},"size":0.8660253882408142,"orthographic":false}