{"cameraMode":{"drawMode":0,"name":"Shaded","section":"Shading Mode"},"sceneLighting":true,"audioPlay":false,"sceneViewState":{"showFog":true,"showMaterialUpdate":false,"showSkybox":true,"showFlares":true,"showImageEffects":true,"showParticleSystems":true},"in2DMode":false,"pivot":{"x":-17.307165145874025,"y":13.970907211303711,"z":1.0681335926055909},"rotation":{"x":-0.22804418206214906,"y":-0.6954252123832703,"z":0.25016120076179507,"w":-0.6339532136917114},"size":0.09892022609710694,"orthographic":false}